,id,place,speedrun_link,submitted_date,primary_time_seconds,real_time_seconds,player_id,player_name,player_country,platform,verified
0,znev0n9z,1,https://www.speedrun.com/sm64/run/znev0n9z,2023-12-09T14:06:38Z,2788,2788,zxzk1q9x,ikori_o,Japan,N64,No
1,zqqn9jrz,2,https://www.speedrun.com/sm64/run/zqqn9jrz,2024-11-02T19:21:23Z,2790,2790,1xy9p1vj,taihou,Japan,EMU,Yes
2,mel4g4qz,3,https://www.speedrun.com/sm64/run/mel4g4qz,2023-06-17T20:22:08Z,2801,2801,jn32931x,Suigi,Canada,N64,Yes
3,mew4438m,4,https://www.speedrun.com/sm64/run/mew4438m,2024-04-02T02:08:17Z,2806,2806,x353dr7j,Finnii602,Germany,VC,Yes
4,yj211d3m,5,https://www.speedrun.com/sm64/run/yj211d3m,2023-06-03T16:03:45Z,2814,2814,8wkzer38,Parsee02,Japan,N64,Yes
5,z1q2w59y,6,https://www.speedrun.com/sm64/run/z1q2w59y,2023-01-29T01:10:07Z,2816,2816,18v62qyx,Benji64,Austria,N64,Yes
6,m77jl50m,7,https://www.speedrun.com/sm64/run/m77jl50m,2021-11-11T07:37:38Z,2818,2818,kjprmwk8,Weegee,United States,N64,Yes
7,znkq498z,8,https://www.speedrun.com/sm64/run/znkq498z,2020-06-12T18:02:14Z,2819,2819,zx7gnyx7,Dwhatever,Germany,N64,Yes
8,y8pjk2dz,8,https://www.speedrun.com/sm64/run/y8pjk2dz,2024-08-25T13:36:30Z,2819,2819,kjpqrr4x,Goldrush,Japan,N64,Yes
9,megk4q9y,10,https://www.speedrun.com/sm64/run/megk4q9y,2024-07-13T08:30:52Z,2821,2821,jm3lqln8,Mauir,Chile,EMU,Yes
10,y8w614wy,11,https://www.speedrun.com/sm64/run/y8w614wy,2024-05-02T11:51:34Z,2825,2825,j51q9668,RianDiCielo,Panama,VC,Yes
11,y8k3jxwy,12,https://www.speedrun.com/sm64/run/y8k3jxwy,2023-09-08T02:41:37Z,2827,2827,jmolpwo8,Raisn,Germany,EMU,Yes
12,mr64opgm,13,https://www.speedrun.com/sm64/run/mr64opgm,2022-01-03T15:22:37Z,2830,2830,jo2mr9n8,marlene,,N64,No
13,m3q295gy,14,https://www.speedrun.com/sm64/run/m3q295gy,2023-08-08T07:09:45Z,2833,2833,7j40gpw8,MANNO,Japan,N64,Yes
14,zn3pr37y,15,https://www.speedrun.com/sm64/run/zn3pr37y,2020-11-11T01:42:44Z,2838,2838,zx76v0j7,Taggo,Sweden,N64,Yes
15,zgow34jm,16,https://www.speedrun.com/sm64/run/zgow34jm,2024-07-26T22:21:44Z,2841,2841,1xyd46wx,Kally,United States,N64,Yes
16,znrw18ly,17,https://www.speedrun.com/sm64/run/znrw18ly,2019-05-19T12:28:58Z,2843,2843,48gev4rj,puncayshun,United States,N64,Yes
17,me7xg3qy,17,https://www.speedrun.com/sm64/run/me7xg3qy,2021-04-25T03:30:35Z,2843,2843,o86nzl0x,Xoofey,United States,N64,Yes
18,y2pn586z,17,https://www.speedrun.com/sm64/run/y2pn586z,2022-07-01T13:54:45Z,2843,2843,v814mkp8,cheese,Spain,N64,Yes
19,z1x2q7wm,20,https://www.speedrun.com/sm64/run/z1x2q7wm,2021-09-07T00:05:52Z,2847,2847,o862d3xz,Biinny,England,N64,Yes
20,znv5po3m,21,https://www.speedrun.com/sm64/run/znv5po3m,2023-08-10T18:06:46Z,2849,2849,xyrqdwmj,Zhilkan,Spain,EMU,Yes
21,yvxrkeez,22,https://www.speedrun.com/sm64/run/yvxrkeez,2024-09-01T22:48:43Z,2851,2851,kj92gmv8,Dowsky,United States,N64,Yes
22,y8pw6k1z,23,https://www.speedrun.com/sm64/run/y8pw6k1z,2024-09-30T16:52:40Z,2853,2853,5j52dgqj,lunarjump,United States,N64,Yes
23,y8dw71wz,24,https://www.speedrun.com/sm64/run/y8dw71wz,2021-06-18T05:04:40Z,2855,2855,48gqo07j,darkdog47,United States,N64,Yes
24,znjdge7m,24,https://www.speedrun.com/sm64/run/znjdge7m,2023-04-21T19:06:06Z,2855,2855,j2ylqn68,Karin,Japan,N64,Yes
25,zpw6d88y,26,https://www.speedrun.com/sm64/run/zpw6d88y,2023-07-22T00:40:35Z,2856,2856,x35rvpkj,Scythamer,United States,N64,Yes
26,ywx8nr2m,26,https://www.speedrun.com/sm64/run/ywx8nr2m,2024-07-29T18:40:18Z,2856,2856,jpmk03yj,Zapy,Japan,N64,Yes
27,zgq48vdy,28,https://www.speedrun.com/sm64/run/zgq48vdy,2022-11-23T22:56:21Z,2857,2857,dx35192j,Dezanig,Brazil,N64,Yes
28,yddx4q0y,29,https://www.speedrun.com/sm64/run/yddx4q0y,2022-07-20T22:52:15Z,2858,2858,kjp9p28q,Sigotu,Poland,EMU,Yes
29,yj9xrk3z,30,https://www.speedrun.com/sm64/run/yj9xrk3z,2024-08-26T21:54:41Z,2859,2859,v813p3lx,Armada,Sweden,N64,Yes
30,yd2dj4jm,31,https://www.speedrun.com/sm64/run/yd2dj4jm,2023-11-18T16:28:46Z,2862,2862,xyrdnrnj,Chemus,Brazil,EMU,Yes
31,mkd23l3y,32,https://www.speedrun.com/sm64/run/mkd23l3y,2022-08-08T20:53:43Z,2863,2863,zx77v7rx,simply,United States,N64,Yes
32,ywrx750m,32,https://www.speedrun.com/sm64/run/ywrx750m,2023-07-28T21:33:58Z,2863,2863,j0n10kw8,jaquarium,United States,N64,Yes
33,y4qvrddm,34,https://www.speedrun.com/sm64/run/y4qvrddm,2022-07-15T06:03:02Z,2866,2866,pj0o24rj,Aleph64,Germany,VC,Yes
34,yvpex58y,34,https://www.speedrun.com/sm64/run/yvpex58y,2023-08-17T22:48:17Z,2866,2866,xk4zke6j,ElDeve,Argentina,EMU,No
35,yox22xdy,34,https://www.speedrun.com/sm64/run/yox22xdy,2024-07-17T03:33:19Z,2866,2866,8v5253yj,taciturn,United States,EMU,Yes
36,m7wr5j4z,37,https://www.speedrun.com/sm64/run/m7wr5j4z,2022-03-29T02:34:19Z,2867,2867,y8d2v2mj,ChipGroove,United States,N64,Yes
37,y8k7g01y,38,https://www.speedrun.com/sm64/run/y8k7g01y,2024-02-04T23:27:01Z,2868,2868,v816eo5x,Soda,,VC,Yes
38,ywgneq3z,39,https://www.speedrun.com/sm64/run/ywgneq3z,2024-05-07T00:01:42Z,2872,2872,98rl4w38,HorrorDoesSpeedRuns,United States,N64,Yes
39,yvp55k8y,40,https://www.speedrun.com/sm64/run/yvp55k8y,2023-08-12T22:09:30Z,2873,2873,18q3zwqj,Dekudude,England,N64,Yes
40,y9klgokz,40,https://www.speedrun.com/sm64/run/y9klgokz,2023-11-12T19:11:53Z,2873,2873,o866w58z,Xiah,Japan,N64,Yes
41,ydr2q0xz,42,https://www.speedrun.com/sm64/run/ydr2q0xz,2021-06-12T23:50:10Z,2875,2875,qxk45r6j,hokorobi,Japan,N64,Yes
42,yjwwp3nm,43,https://www.speedrun.com/sm64/run/yjwwp3nm,2023-12-17T12:17:32Z,2876,2876,8vo9o92x,Carlos64,Spain,EMU,Yes
43,yl64xnxy,44,https://www.speedrun.com/sm64/run/yl64xnxy,2023-05-11T03:49:50Z,2877,2877,8d4ywn58,vitroncio,Brazil,N64,Yes
44,z1kl3j9y,45,https://www.speedrun.com/sm64/run/z1kl3j9y,2023-12-06T15:20:36Z,2878,2878,v8lgdovj,Drac,Brazil,N64,Yes
45,y42j3p3m,46,https://www.speedrun.com/sm64/run/y42j3p3m,2021-03-14T14:29:43Z,2892,2892,qj2w3rpj,BlueBob,Canada,N64,Yes
46,8y8nlddy,47,https://www.speedrun.com/sm64/run/8y8nlddy,2017-01-03T18:51:38Z,2894,2894,kj9lkowj,batora,Japan,N64,Yes
47,yd6wlnvz,47,https://www.speedrun.com/sm64/run/yd6wlnvz,2019-09-21T15:01:29Z,2894,2894,98rp5e6j,Paracusia,Australia,N64,Yes
48,mkp9q21y,47,https://www.speedrun.com/sm64/run/mkp9q21y,2024-02-27T00:43:07Z,2894,2894,0jmo9zn8,Redmoss,United States,N64,Yes
49,zpxk0pnm,50,https://www.speedrun.com/sm64/run/zpxk0pnm,2024-10-11T04:50:08Z,2895,2895,5j5qzewj,Keubab,France,N64,Yes
50,zx8g4kqm,51,https://www.speedrun.com/sm64/run/zx8g4kqm,2022-08-23T14:31:44Z,2896,2896,kj9egwv8,Afrodafro,Norway,N64,Yes
51,y6elnejz,51,https://www.speedrun.com/sm64/run/y6elnejz,2024-07-23T14:01:54Z,2896,2896,pj0l653j,FailmanFlo,Germany,N64,Yes
52,zqwn21rz,53,https://www.speedrun.com/sm64/run/zqwn21rz,2020-08-14T23:51:22Z,2897,2897,kjpqy9yx,Gainai,Germany,N64,Yes
53,ywgnw20z,53,https://www.speedrun.com/sm64/run/ywgnw20z,2024-05-11T04:32:26Z,2897,2897,xk31v928,Dude095,United States,EMU,Yes
54,y4lwwjdz,55,https://www.speedrun.com/sm64/run/y4lwwjdz,2024-07-27T18:58:04Z,2898,2898,jp47de4j,lerrythelobtser,Canada,N64,Yes
55,me7glq8y,56,https://www.speedrun.com/sm64/run/me7glq8y,2021-06-20T23:57:31Z,2899,2899,y8dz54gj,Maosfx,United States,VC,Yes
56,me8296qm,57,https://www.speedrun.com/sm64/run/me8296qm,2019-02-20T17:15:18Z,2900,2900,kj9ylvx4,V1RO,Canada,N64,Yes
57,mk4pgr1y,58,https://www.speedrun.com/sm64/run/mk4pgr1y,2018-01-15T20:38:02Z,2902,2902,,,,N64,Yes
58,ydg55pxy,59,https://www.speedrun.com/sm64/run/ydg55pxy,2022-12-25T23:43:54Z,2903,2903,68wwn48g,Mitagi,Japan,N64,Yes
59,zn4g8v3m,60,https://www.speedrun.com/sm64/run/zn4g8v3m,2019-02-17T22:11:43Z,2904,2904,kj9yz0wx,Liam,United States,N64,Yes
60,zqwq7j9z,60,https://www.speedrun.com/sm64/run/zqwq7j9z,2020-07-18T10:34:14Z,2904,2904,1xyl49zj,Nebula,Australia,EMU,Yes
61,zqer725z,62,https://www.speedrun.com/sm64/run/zqer725z,2022-12-20T17:28:47Z,2906,2906,8wlk4n4j,Kaimatix,England,N64,No
62,y6q0866z,62,https://www.speedrun.com/sm64/run/y6q0866z,2023-11-20T00:31:54Z,2906,2906,qjn77418,sorichi,Japan,N64,No
63,nz1lv6jm,64,https://www.speedrun.com/sm64/run/nz1lv6jm,2016-06-25T21:30:46Z,2908,2908,dx351yqj,siglemic,United States,VC,Yes
64,yjwde2nm,64,https://www.speedrun.com/sm64/run/yjwde2nm,2023-11-26T19:49:42Z,2908,2908,kj9z6pn8,Sunnard,France,EMU,Yes
65,mr4w5e2z,66,https://www.speedrun.com/sm64/run/mr4w5e2z,2021-03-28T10:19:01Z,2909,2909,zxze2zex,Flixer,United States,N64,Yes
66,z07nxx9y,66,https://www.speedrun.com/sm64/run/z07nxx9y,2021-09-24T10:42:02Z,2909,2909,e8e6edj0,GothicLogic,United Kingdom,N64,Yes
67,zqvl259m,66,https://www.speedrun.com/sm64/run/zqvl259m,2021-11-22T14:15:10Z,2909,2909,18vk21yj,Tabascoth,Austria,N64,Yes
68,zgrjqxem,69,https://www.speedrun.com/sm64/run/zgrjqxem,2021-10-23T03:40:35Z,2910,2910,qxk4wo6j,saksdal,United States,N64,Yes
69,m3q9n0wy,70,https://www.speedrun.com/sm64/run/m3q9n0wy,2023-04-24T22:26:06Z,2911,2911,qxkvqp2j,PKT_S,France,N64,Yes
70,zxqkek8m,71,https://www.speedrun.com/sm64/run/zxqkek8m,2024-03-06T23:13:24Z,2912,2912,0jm36qe8,Xein64,Germany,N64,Yes
71,y60rpv6y,72,https://www.speedrun.com/sm64/run/y60rpv6y,2022-05-02T05:24:45Z,2914,2914,qxkm6mj0,Kayl33,Canada,N64,Yes
72,y6q9pkqz,73,https://www.speedrun.com/sm64/run/y6q9pkqz,2023-10-30T13:05:05Z,2915,2915,zxzqlnrx,Cysse,France,EMU,Yes
73,zpp49o8z,74,https://www.speedrun.com/sm64/run/zpp49o8z,2023-09-27T06:37:52Z,2917,2917,j5vgqlw8,crazywhw,United States,N64,Yes
74,ywgl7o3z,74,https://www.speedrun.com/sm64/run/ywgl7o3z,2024-07-05T01:28:20Z,2917,2917,86nnlvqx,Banova8,France,N64,Yes
75,y96n6n2y,76,https://www.speedrun.com/sm64/run/y96n6n2y,2023-01-08T13:41:29Z,2918,2918,x359w0kj,mickyyyr,Australia,N64,Yes
76,mrx02g8m,76,https://www.speedrun.com/sm64/run/mrx02g8m,2024-10-14T07:41:34Z,2918,2918,8l3ldyl8,jumpmanmatthew,United States,N64,Yes
77,m7o5rpwy,78,https://www.speedrun.com/sm64/run/m7o5rpwy,2024-08-05T21:27:08Z,2919,2919,98rky4qx,BigCheese,United States,VC,Yes
78,m7wn419z,79,https://www.speedrun.com/sm64/run/m7wn419z,2022-02-16T06:15:55Z,2921,2921,xkogpw98,Flandral,Brazil,EMU,Yes
79,z0q5nwem,79,https://www.speedrun.com/sm64/run/z0q5nwem,2024-07-29T06:19:44Z,2921,2921,8e6vr17j,piegolds,Australia,EMU,Yes
80,ywxdw40m,79,https://www.speedrun.com/sm64/run/ywxdw40m,2024-08-04T15:02:32Z,2921,2921,8ew0dk28,NotGorilla,Sweden,EMU,Yes
81,z5gxe55m,79,https://www.speedrun.com/sm64/run/z5gxe55m,2024-09-05T00:04:49Z,2921,2921,j4rpn7d8,Nils,Sweden,N64,Yes
82,y6lgewjy,83,https://www.speedrun.com/sm64/run/y6lgewjy,2020-01-15T22:30:01Z,2922,2922,5j5v2nz8,Shans,Australia,EMU,Yes
83,y6exgr0z,84,https://www.speedrun.com/sm64/run/y6exgr0z,2024-09-06T13:15:48Z,2923,2923,xyreddzj,squimmie,United States,N64,Yes
84,9mewgx3m,85,https://www.speedrun.com/sm64/run/9mewgx3m,2016-08-27T22:18:04Z,2925,2925,18q3r20j,Animazism,Wales,N64,No
85,jy9p82em,86,https://www.speedrun.com/sm64/run/jy9p82em,2016-10-26T02:40:22Z,2926,2926,kj96o2nj,bluntslide42,United States,VC,Yes
86,y6pok91m,86,https://www.speedrun.com/sm64/run/y6pok91m,2018-12-05T09:53:43Z,2926,2926,dx35yzej,TriforceTK,United States,EMU,Yes
87,z0lxd2oz,86,https://www.speedrun.com/sm64/run/z0lxd2oz,2022-09-28T07:19:50Z,2926,2926,5j5w6qnj,kryptic80,United States,N64,Yes
88,yo7n067m,89,https://www.speedrun.com/sm64/run/yo7n067m,2021-06-10T22:37:59Z,2927,2927,v815edqj,Terji,Faroe Islands,N64,Yes
89,yl7kk5xm,89,https://www.speedrun.com/sm64/run/yl7kk5xm,2022-04-27T06:07:54Z,2927,2927,v8lem77x,Frost_Byte,United States,N64,Yes
90,mrrv9g2m,91,https://www.speedrun.com/sm64/run/mrrv9g2m,2022-10-01T21:48:09Z,2928,2928,j4rg3z58,CheesyLeech,United States,N64,Yes
91,yvpl4w6y,91,https://www.speedrun.com/sm64/run/yvpl4w6y,2023-07-19T21:36:57Z,2928,2928,pj0v59xw,Wilko,Germany,N64,Yes
92,y6pjeeqm,93,https://www.speedrun.com/sm64/run/y6pjeeqm,2019-02-26T05:39:02Z,2929,2929,zxzvprjq,toastrider91,Chad,N64,Yes
93,y8vw485z,93,https://www.speedrun.com/sm64/run/y8vw485z,2021-03-09T20:15:37Z,2929,2929,18q9317j,kagami,Japan,N64,Yes
94,ylqnjdrz,93,https://www.speedrun.com/sm64/run/ylqnjdrz,2021-06-06T17:13:38Z,2929,2929,zx7nlkq8,bev_prune_,Australia,N64,Yes
95,y9ldjq2y,93,https://www.speedrun.com/sm64/run/y9ldjq2y,2022-02-20T07:53:14Z,2929,2929,kjpoery8,Falcon,Canada,N64,Yes
96,zxl5825z,97,https://www.speedrun.com/sm64/run/zxl5825z,2022-03-07T05:36:54Z,2930,2930,x354692j,manxmud,United States,N64,Yes
97,zqq3ln1z,97,https://www.speedrun.com/sm64/run/zqq3ln1z,2024-07-21T10:55:36Z,2930,2930,zxzn3w9x,spener1122,Canada,N64,Yes
98,yvxg5poz,99,https://www.speedrun.com/sm64/run/yvxg5poz,2024-07-15T17:20:04Z,2932,2932,qjor2nj6,Odme_,United States,VC,Yes
99,z0ovk7ez,100,https://www.speedrun.com/sm64/run/z0ovk7ez,2022-04-01T19:30:11Z,2934,2934,qj2y1r68,JJsrl,United States,N64,Yes
100,zx7el38y,100,https://www.speedrun.com/sm64/run/zx7el38y,2022-07-27T06:00:48Z,2934,2934,8geyo77j,Leysauce,United States,N64,No
101,yo45jjjm,102,https://www.speedrun.com/sm64/run/yo45jjjm,2018-03-06T09:20:56Z,2935,2935,0jm7n3nj,phantaxx,United States,N64,Yes
102,meoo443z,102,https://www.speedrun.com/sm64/run/meoo443z,2020-04-26T02:46:02Z,2935,2935,zxzpz50j,Fafel,Japan,N64,Yes
103,yvve136y,102,https://www.speedrun.com/sm64/run/yvve136y,2024-01-22T03:38:29Z,2935,2935,qjnw4rdj,CapruSin,United States,EMU,Yes
104,zqqwr2xz,102,https://www.speedrun.com/sm64/run/zqqwr2xz,2024-07-27T13:56:57Z,2935,2935,xzlelze8,xWicko,Australia,N64,Yes
105,y6dxjnjm,106,https://www.speedrun.com/sm64/run/y6dxjnjm,2021-06-01T23:08:03Z,2936,2936,qjoe6e86,Widdit,United States,N64,Yes
106,y98nnxvz,106,https://www.speedrun.com/sm64/run/y98nnxvz,2023-06-03T16:05:46Z,2936,2936,j2636gox,smc_,Scotland,N64,Yes
107,y229ll7y,106,https://www.speedrun.com/sm64/run/y229ll7y,2024-02-18T00:23:49Z,2936,2936,jp4q645j,GoodGrieth,,N64,Yes
108,1zqg11rm,109,https://www.speedrun.com/sm64/run/1zqg11rm,2015-08-20T01:50:43Z,2937,2937,e8eepzo8,alextolio,Greece,N64,Yes
109,y4qnxk2m,109,https://www.speedrun.com/sm64/run/y4qnxk2m,2022-07-07T03:53:28Z,2937,2937,v8lq4k7x,badroenis,United States,N64,Yes
110,y625j5pz,109,https://www.speedrun.com/sm64/run/y625j5pz,2023-05-25T05:19:14Z,2937,2937,18vkpkyj,KobrahCJ,United States,N64,Yes
111,yd22j1wm,109,https://www.speedrun.com/sm64/run/yd22j1wm,2023-12-18T07:00:55Z,2937,2937,8rpp0egj,Bluth,United States,N64,Yes
112,yjoj2woz,109,https://www.speedrun.com/sm64/run/yjoj2woz,2024-02-15T19:58:34Z,2937,2937,8w1rr94x,sanj,Canada,EMU,Yes
113,z1nqop9y,109,https://www.speedrun.com/sm64/run/z1nqop9y,2024-09-09T08:57:02Z,2937,2937,xzlq0er8,ricefarmer41,United States,EMU,Yes
114,nz1vv9ze,115,https://www.speedrun.com/sm64/run/nz1vv9ze,,2938,2938,pj0e6nm8,Issey,Brazil,VC,No
115,y4k1rw2m,115,https://www.speedrun.com/sm64/run/y4k1rw2m,2023-09-26T03:47:59Z,2938,2938,8e6k1loj,PhoenixAUS,,VC,Yes
116,yvl6n36z,115,https://www.speedrun.com/sm64/run/yvl6n36z,2024-03-11T04:44:56Z,2938,2938,zxzl7508,Seba54,Chile,EMU,Yes
117,y224027y,115,https://www.speedrun.com/sm64/run/y224027y,2024-06-20T04:26:37Z,2938,2938,1xy5vzy8,m0m0,,N64,Yes
118,yj8r70om,119,https://www.speedrun.com/sm64/run/yj8r70om,2023-04-02T19:17:39Z,2940,2940,48gyq9p8,Shyanji,Brazil,N64,Yes
119,pzgw80jy,120,https://www.speedrun.com/sm64/run/pzgw80jy,2015-06-05T01:08:04Z,2941,2941,qjo2pq38,Haliinen,Sweden,N64,Yes
120,y4r5w42z,120,https://www.speedrun.com/sm64/run/y4r5w42z,2021-04-14T09:43:13Z,2941,2941,68w040qj,Creator_Destroyer,United States,N64,Yes
121,mek2603m,122,https://www.speedrun.com/sm64/run/mek2603m,2018-02-21T12:45:24Z,2943,2943,,,,N64,Yes
122,y6evo46z,123,https://www.speedrun.com/sm64/run/y6evo46z,2024-09-30T11:45:49Z,2944,2944,8r7m4ldj,itsbeeve,United States,N64,Yes
123,mkvgp05y,124,https://www.speedrun.com/sm64/run/mkvgp05y,2023-01-15T18:30:18Z,2946,2946,98r475gj,Blakeo2,England,N64,Yes
124,6yj592dm,125,https://www.speedrun.com/sm64/run/6yj592dm,2015-12-18T23:38:02Z,2947,2947,18ql07jn,luke994,England,N64,Yes
125,z5vwxejm,126,https://www.speedrun.com/sm64/run/z5vwxejm,2022-03-01T23:20:58Z,2948,2948,zxzzzrxq,Moose,United States,N64,Yes
126,ywrj3enm,126,https://www.speedrun.com/sm64/run/ywrj3enm,2023-06-21T22:14:03Z,2948,2948,8w139m3x,oatslice,Australia,N64,Yes
127,zpr37v8m,128,https://www.speedrun.com/sm64/run/zpr37v8m,2020-05-15T22:09:13Z,2949,2949,dx3q74qj,chubby,Norway,N64,Yes
128,m3lnqkqm,128,https://www.speedrun.com/sm64/run/m3lnqkqm,2023-01-08T18:45:45Z,2949,2949,xkmnnmmj,ZUMMI,Italy,EMU,Yes
129,z0xdjr8z,128,https://www.speedrun.com/sm64/run/z0xdjr8z,2023-12-24T13:51:59Z,2949,2949,qj2rklpx,cjrokokomero,Italy,N64,Yes
130,ywp28p2z,131,https://www.speedrun.com/sm64/run/ywp28p2z,2019-02-19T04:44:02Z,2950,2950,dx31lw78,RockChalk19,United States,N64,Yes
131,ywpv949z,132,https://www.speedrun.com/sm64/run/ywpv949z,2018-12-04T16:42:21Z,2951,2951,qjop4q3x,groovy31,Finland,N64,Yes
132,y8249gdy,133,https://www.speedrun.com/sm64/run/y8249gdy,2020-08-17T09:36:05Z,2952,2952,qjo9ypnj,OkamiBW,United States,VC,Yes
133,zqerglrz,133,https://www.speedrun.com/sm64/run/zqerglrz,2022-12-19T16:12:04Z,2952,2952,8vkrw22j,Tag609,United States,N64,Yes
134,zqegjkrz,133,https://www.speedrun.com/sm64/run/zqegjkrz,2023-01-08T17:09:45Z,2952,2952,jnz2ykqj,ShaDowSPoweR,France,EMU,Yes
135,m70wn89y,136,https://www.speedrun.com/sm64/run/m70wn89y,2023-06-23T02:59:25Z,2953,2953,7j4q7emx,eleesuh,Germany,N64,Yes
136,z5dg4knm,137,https://www.speedrun.com/sm64/run/z5dg4knm,2021-10-19T08:15:46Z,2954,2954,qjnz771j,jane_dair,United States,N64,Yes
137,mrnwqr2y,138,https://www.speedrun.com/sm64/run/mrnwqr2y,2021-11-07T03:52:16Z,2955,2955,8r7w9lgj,ClementLeBro,France,N64,Yes
138,zgqk3kny,138,https://www.speedrun.com/sm64/run/zgqk3kny,2022-08-08T07:14:50Z,2955,2955,8l0o5q78,HeroSuperman1,United States,N64,Yes
139,yw66p6nm,138,https://www.speedrun.com/sm64/run/yw66p6nm,2022-09-09T16:14:15Z,2955,2955,1xy05zjr,turara32767,Japan,N64,Yes
140,yj200k7m,138,https://www.speedrun.com/sm64/run/yj200k7m,2023-08-30T17:27:02Z,2955,2955,8lpl934j,PegiTheLoca,Germany,EMU,Yes
141,mrx1e0gm,138,https://www.speedrun.com/sm64/run/mrx1e0gm,2024-08-12T12:32:11Z,2955,2955,qxkrpqm8,Dackage,United States,VC,Yes
142,mel1nk0z,143,https://www.speedrun.com/sm64/run/mel1nk0z,2023-07-03T19:26:44Z,2956,2956,pj0zz298,BeastAssassin67,United States,N64,Yes
143,zx4pg68y,144,https://www.speedrun.com/sm64/run/zx4pg68y,2019-03-21T23:54:43Z,2958,2958,zxz97kn8,Drogie,Switzerland,N64,Yes
144,mkerq5xm,144,https://www.speedrun.com/sm64/run/mkerq5xm,2022-03-07T23:22:41Z,2958,2958,x35r767j,Schnoz64,United States,N64,Yes
145,z1q7vk7y,146,https://www.speedrun.com/sm64/run/z1q7vk7y,2023-03-26T13:06:37Z,2959,2959,j2wlm4pj,Johnny3Oak,United States,N64,Yes
146,z0jqvj8y,146,https://www.speedrun.com/sm64/run/z0jqvj8y,2023-07-29T06:53:07Z,2959,2959,xko59n68,FleetingAzure,United States,N64,Yes
147,7yle1d2z,148,https://www.speedrun.com/sm64/run/7yle1d2z,2016-01-19T05:54:46Z,2960,2960,18vpmn8l,ZDeztroyerz,,N64,Yes
148,z1nooqgy,148,https://www.speedrun.com/sm64/run/z1nooqgy,2024-08-01T23:23:15Z,2960,2960,jpm2m44j,happydude124,United States,EMU,Yes
149,mkkvjj1m,150,https://www.speedrun.com/sm64/run/mkkvjj1m,2022-06-12T03:49:30Z,2961,2961,v810d5rx,SubmarineCpt,United States,EMU,Yes
150,9yo4n7jm,151,https://www.speedrun.com/sm64/run/9yo4n7jm,2015-01-01T17:41:54Z,2962,2962,pj02nmw8,nero_x2,Japan,N64,Yes
151,mr70g5gz,151,https://www.speedrun.com/sm64/run/mr70g5gz,2022-07-04T23:18:41Z,2962,2962,jmpp51ej,amsixx,Spain,EMU,Yes
152,y46gn6kz,151,https://www.speedrun.com/sm64/run/y46gn6kz,2024-04-30T00:47:14Z,2962,2962,8rpwpnqj,inferno676,United States,N64,Yes
153,wzp321xm,154,https://www.speedrun.com/sm64/run/wzp321xm,2015-08-23T15:19:59Z,2964,2964,98rp3q6j,joeys64,Netherlands,VC,Yes
154,y8kj5jdy,154,https://www.speedrun.com/sm64/run/y8kj5jdy,2023-11-13T19:29:03Z,2964,2964,1xyw6wn8,markinator99,United States,N64,No
155,mr8dk38y,156,https://www.speedrun.com/sm64/run/mr8dk38y,2019-02-19T20:36:04Z,2965,2965,48gyr78p,TheoryLocked,Austria,EMU,No
156,yjdqwr7y,156,https://www.speedrun.com/sm64/run/yjdqwr7y,2022-10-22T07:03:59Z,2965,2965,48gkmp2j,mercredi,Canada,N64,Yes
157,ywrjxe3m,156,https://www.speedrun.com/sm64/run/ywrjxe3m,2023-06-23T07:38:29Z,2965,2965,5j5097nx,SolErikaB,Sweden,EMU,Yes
158,y47ljl3y,159,https://www.speedrun.com/sm64/run/y47ljl3y,2021-10-18T07:07:55Z,2967,2967,kjpmy0jq,ThatDrunkenDwarf,England,N64,Yes
159,pm32ro6y,160,https://www.speedrun.com/sm64/run/pm32ro6y,2016-12-18T05:55:47Z,2968,2968,68wegq8g,Custom,Canada,N64,Yes
160,mrlxd0dm,160,https://www.speedrun.com/sm64/run/mrlxd0dm,2023-07-28T06:21:54Z,2968,2968,pj0zm38w,Geenix,United States,N64,Yes
161,zx7ldxky,162,https://www.speedrun.com/sm64/run/zx7ldxky,2022-05-24T03:58:49Z,2970,2970,qjok7l78,TwitchName,United States,N64,Yes
162,z58o00jz,162,https://www.speedrun.com/sm64/run/z58o00jz,2024-02-19T14:34:53Z,2970,2970,0jmw6wex,Bombs,United States,N64,Yes
163,y2k6xkjy,164,https://www.speedrun.com/sm64/run/y2k6xkjy,2024-01-22T06:35:16Z,2971,2971,xk3og178,Instinct64,United States,EMU,Yes
164,zn221l9z,164,https://www.speedrun.com/sm64/run/zn221l9z,2024-05-14T14:33:42Z,2971,2971,jo3r970j,Elva,Japan,N64,Yes
165,zx44n7qy,166,https://www.speedrun.com/sm64/run/zx44n7qy,2018-07-01T12:23:37Z,2973,2973,0jml0zy8,akki,Japan,N64,No
166,m31ojdgz,166,https://www.speedrun.com/sm64/run/m31ojdgz,2019-06-20T07:01:03Z,2973,2973,qxkg359j,AdamFerrari,United States,VC,Yes
167,m774pl4m,166,https://www.speedrun.com/sm64/run/m774pl4m,2021-11-13T05:42:05Z,2973,2973,8rpv21dj,ZeusSM64,New Zealand,EMU,Yes
168,y918n1em,169,https://www.speedrun.com/sm64/run/y918n1em,2020-11-26T02:43:03Z,2974,2974,1xy5r7w8,ClintStevens,United States,N64,Yes
169,y8rr76nm,169,https://www.speedrun.com/sm64/run/y8rr76nm,2020-10-17T22:58:48Z,2974,2974,pj0ke0m8,SeanRaider,Canada,N64,Yes
170,zgqv19ny,169,https://www.speedrun.com/sm64/run/zgqv19ny,2022-08-19T06:15:36Z,2974,2974,qjo1ovnx,FireGoesFast,Australia,VC,Yes
171,m70173wy,169,https://www.speedrun.com/sm64/run/m70173wy,2023-04-25T15:13:55Z,2974,2974,e8evzg7x,gamiru,Japan,N64,Yes
172,z5k9kwdz,173,https://www.speedrun.com/sm64/run/z5k9kwdz,2024-02-10T05:44:26Z,2975,2975,8r7412qj,Rynnoo,United States,N64,Yes
173,m30ov1wm,173,https://www.speedrun.com/sm64/run/m30ov1wm,2024-02-28T04:14:25Z,2975,2975,8q316z7j,dista,United States,N64,Yes
174,8m7djx0m,175,https://www.speedrun.com/sm64/run/8m7djx0m,2015-11-05T23:04:39Z,2976,2976,18qrrdjn,Waz,Northern Ireland,N64,No
175,y6dwjgqm,175,https://www.speedrun.com/sm64/run/y6dwjgqm,2021-07-08T19:09:51Z,2976,2976,qxk3o980,nindiddeh,United States,N64,Yes
176,y8jvjx5z,175,https://www.speedrun.com/sm64/run/y8jvjx5z,2022-01-02T22:50:07Z,2976,2976,xzld0398,Xx_Mario_xX,Japan,N64,Yes
177,mex37lqz,178,https://www.speedrun.com/sm64/run/mex37lqz,2019-10-01T15:16:09Z,2978,2978,o86vqpqj,Tama,United States,N64,Yes
178,me940r2z,178,https://www.speedrun.com/sm64/run/me940r2z,2021-02-11T05:56:57Z,2978,2978,86nrm5qx,taylor3311,Japan,N64,Yes
179,y20d5p9m,178,https://www.speedrun.com/sm64/run/y20d5p9m,2021-12-28T03:08:42Z,2978,2978,48g0d97x,latyy,United States,N64,Yes
180,yonw387z,178,https://www.speedrun.com/sm64/run/yonw387z,2023-08-26T21:39:23Z,2978,2978,jo3v1n0j,Sabxander,Romania,EMU,Yes
181,y9d935rm,178,https://www.speedrun.com/sm64/run/y9d935rm,2024-08-13T12:48:54Z,2978,2978,j0nv6wm8,shikibi_hiiro,Japan,N64,Yes
182,y213ew9z,183,https://www.speedrun.com/sm64/run/y213ew9z,2019-06-05T06:41:40Z,2979,2979,kj9vd9ox,JMill,United States,EMU,Yes
183,zp4635gz,183,https://www.speedrun.com/sm64/run/zp4635gz,2019-12-16T03:28:27Z,2979,2979,e8ezrq68,Yale,United States,N64,Yes
184,yl0dvxky,183,https://www.speedrun.com/sm64/run/yl0dvxky,2019-12-15T16:03:33Z,2979,2979,dx354dqj,Smaugy,Sweden,VC,Yes
185,zn20gl8z,183,https://www.speedrun.com/sm64/run/zn20gl8z,2024-04-05T01:49:54Z,2979,2979,x35d1dqj,mystic400,Norway,N64,Yes
186,8y8p1x5z,187,https://www.speedrun.com/sm64/run/8y8p1x5z,2016-09-11T19:31:39Z,2980,2980,zx73kqj7,Skaredogged97,Switzerland,EMU,Yes
187,m31r0d6z,187,https://www.speedrun.com/sm64/run/m31r0d6z,2019-08-21T22:26:02Z,2980,2980,7j41p5j1,SuperViperT302,United States,N64,Yes
188,y95vnokz,187,https://www.speedrun.com/sm64/run/y95vnokz,2019-09-30T13:26:50Z,2980,2980,0jmvmzj1,protoman5,United States,N64,Yes
189,y91qqonm,187,https://www.speedrun.com/sm64/run/y91qqonm,2021-01-04T07:07:01Z,2980,2980,kjpqyw0x,Gerbiez,Canada,N64,Yes
190,y8dkjxxz,191,https://www.speedrun.com/sm64/run/y8dkjxxz,2021-06-14T14:41:09Z,2981,2981,7j4mzd5j,Thomkar,Norway,EMU,Yes
191,pm3wdgy0,192,https://www.speedrun.com/sm64/run/pm3wdgy0,,2982,2982,,,,N64,Yes
192,mr405g4z,192,https://www.speedrun.com/sm64/run/mr405g4z,2021-03-17T08:45:10Z,2982,2982,98r5d3wx,dinkyslinky,Norway,N64,Yes
193,yon9lq7z,192,https://www.speedrun.com/sm64/run/yon9lq7z,2023-06-05T02:44:53Z,2982,2982,x33wzg7x,Alooful,United States,EMU,Yes
194,z5k91wnz,192,https://www.speedrun.com/sm64/run/z5k91wnz,2024-02-07T03:33:27Z,2982,2982,81q1oq5j,Ian_1243,Peru,N64,Yes
195,yd63erwz,196,https://www.speedrun.com/sm64/run/yd63erwz,2019-06-15T23:13:34Z,2983,2983,zxzn5rex,joerandom,United States,EMU,Yes
196,ylkw032z,196,https://www.speedrun.com/sm64/run/ylkw032z,2020-08-17T12:25:41Z,2983,2983,7j4drzdj,AppleJuice,United States,EMU,Yes
197,me7qdnqy,198,https://www.speedrun.com/sm64/run/me7qdnqy,2021-07-18T09:17:00Z,2984,2984,dx32ywkj,Doopssb,Mexico,VC,Yes
198,yox39edy,198,https://www.speedrun.com/sm64/run/yox39edy,2024-08-02T05:14:25Z,2984,2984,j2w1w5lj,RONC3NA,United States,N64,Yes
199,y2jd8gjz,200,https://www.speedrun.com/sm64/run/y2jd8gjz,2023-01-04T03:07:29Z,2985,2985,qj2yvm78,pete,United States,N64,Yes
200,1zq261zl,201,https://www.speedrun.com/sm64/run/1zq261zl,,2986,2986,,,,N64,Yes
201,yl6lggry,201,https://www.speedrun.com/sm64/run/yl6lggry,2023-07-19T17:07:40Z,2986,2986,j03z503j,Taki,Canada,N64,Yes
202,mrlwje8m,201,https://www.speedrun.com/sm64/run/mrlwje8m,2023-08-13T21:58:27Z,2986,2986,8ek64w68,mAf1sss,Israel,EMU,Yes
203,zn2kll9z,201,https://www.speedrun.com/sm64/run/zn2kll9z,2024-03-12T14:31:41Z,2986,2986,8enge328,BenedictFleur123,Netherlands,EMU,Yes
204,y8p8qe1z,201,https://www.speedrun.com/sm64/run/y8p8qe1z,2024-08-28T05:24:36Z,2986,2986,18qm95dx,PsioNick,United States,N64,Yes
205,zge17xjy,206,https://www.speedrun.com/sm64/run/zge17xjy,2023-08-14T11:18:49Z,2987,2987,81qg7ylj,ZachTunes,United States,N64,Yes
206,y8krle1y,206,https://www.speedrun.com/sm64/run/y8krle1y,2023-10-13T12:34:19Z,2987,2987,86nqn6wx,Susano130,Japan,N64,Yes
207,0y6ejx0z,208,https://www.speedrun.com/sm64/run/0y6ejx0z,2016-10-01T22:03:48Z,2988,2988,,,,N64,Yes
208,zxgr9lqy,208,https://www.speedrun.com/sm64/run/zxgr9lqy,2021-07-09T20:04:08Z,2988,2988,8gr94w1x,tomkabs,Canada,N64,Yes
209,z0l4npoz,208,https://www.speedrun.com/sm64/run/z0l4npoz,2022-11-10T22:19:50Z,2988,2988,j2www16j,treybordo,United States,N64,Yes
210,7ylp9xmp,211,https://www.speedrun.com/sm64/run/7ylp9xmp,,2989,2989,5j52e9qj,GUTOA,Japan,N64,Yes
211,zq3v611y,211,https://www.speedrun.com/sm64/run/zq3v611y,2018-09-18T10:55:37Z,2989,2989,kjpok428,timlittlefree,United States,N64,Yes
212,ywpvr79z,213,https://www.speedrun.com/sm64/run/ywpvr79z,2018-11-29T00:54:12Z,2990,2990,98r70w3j,Heisenburger,United States,N64,Yes
213,yj9wgn7z,213,https://www.speedrun.com/sm64/run/yj9wgn7z,2024-09-22T11:10:08Z,2990,2990,8ek14278,Zinsch,Denmark,EMU,Yes
214,yj3kj97z,215,https://www.speedrun.com/sm64/run/yj3kj97z,2019-05-30T08:24:36Z,2992,2992,qj25v3lj,m_vitor,Brazil,N64,Yes
215,y4en0pkm,215,https://www.speedrun.com/sm64/run/y4en0pkm,2020-12-23T11:52:53Z,2992,2992,8qzg3g08,MaxxxMurphy,United States,EMU,Yes
216,z58jj5jz,215,https://www.speedrun.com/sm64/run/z58jj5jz,2024-03-08T06:05:43Z,2992,2992,zxz1vorj,Karyno,France,N64,Yes
217,me69q62z,218,https://www.speedrun.com/sm64/run/me69q62z,2020-10-24T02:21:37Z,2993,2993,1xyky4n8,thags15,United States,N64,Yes
218,ydl891qz,218,https://www.speedrun.com/sm64/run/ydl891qz,2024-07-07T06:27:10Z,2993,2993,8w12vnqx,LowAppeal,United States,N64,Yes
219,7ylrwxry,220,https://www.speedrun.com/sm64/run/7ylrwxry,2015-12-30T06:43:47Z,2995,2995,qxkovg98,gohanie,Japan,N64,Yes
220,6yjv80dy,220,https://www.speedrun.com/sm64/run/6yjv80dy,2017-02-10T11:07:30Z,2995,2995,,,,N64,Yes
221,m7q78gez,220,https://www.speedrun.com/sm64/run/m7q78gez,2019-08-30T05:23:19Z,2995,2995,qj21mo8k,CartoonBuffoon,,N64,Yes
222,y2pxr2wz,220,https://www.speedrun.com/sm64/run/y2pxr2wz,2022-05-17T08:44:08Z,2995,2995,8g5y277j,ReallyBadDK,United States,N64,Yes
223,mrxvv67m,220,https://www.speedrun.com/sm64/run/mrxvv67m,2024-10-01T05:06:30Z,2995,2995,863low58,oogapooki,United States,N64,Yes
224,y2v00q6z,225,https://www.speedrun.com/sm64/run/y2v00q6z,2021-02-14T02:12:27Z,2997,2997,8geo5gpj,Unknown1470,United States,EMU,Yes
225,mej326qy,225,https://www.speedrun.com/sm64/run/mej326qy,2022-01-22T14:16:25Z,2997,2997,o86m9k0j,xerint,Canada,N64,Yes
226,y9j52gem,225,https://www.speedrun.com/sm64/run/y9j52gem,2024-03-01T18:07:14Z,2997,2997,j20qnrlx,MrFroggy,United States,EMU,Yes
227,ydrpx2vz,228,https://www.speedrun.com/sm64/run/ydrpx2vz,2021-07-09T07:31:01Z,2998,2998,8qz5n7q8,Gravydos,United States,N64,Yes
228,m3j53rgz,228,https://www.speedrun.com/sm64/run/m3j53rgz,2024-07-28T21:52:36Z,2998,2998,pj0eny48,scoagogo,Northern Ireland,EMU,Yes
229,meo7veqz,230,https://www.speedrun.com/sm64/run/meo7veqz,2020-05-16T02:35:50Z,2999,2999,98r2y03x,SoloQ,United States,EMU,Yes
230,ywkx93py,230,https://www.speedrun.com/sm64/run/ywkx93py,2021-10-19T15:12:41Z,2999,2999,86vwom0j,WaterproofTeabag_,Australia,N64,Yes
231,mke2povm,230,https://www.speedrun.com/sm64/run/mke2povm,2021-12-20T23:09:35Z,2999,2999,qxkmn26j,popesquidward,United States,N64,Yes
232,zx8ejxkm,230,https://www.speedrun.com/sm64/run/zx8ejxkm,2022-11-24T22:50:58Z,2999,2999,xk4g0m9j,Dezod,United States,N64,Yes
233,y6edx1pz,230,https://www.speedrun.com/sm64/run/y6edx1pz,2024-08-14T06:53:07Z,2999,2999,98ryllqj,Fizz,United States,N64,Yes
234,y2vd1w7z,235,https://www.speedrun.com/sm64/run/y2vd1w7z,2021-01-30T07:53:42Z,3000,3000,jmokn1o8,dongerduck,,N64,Yes
235,yo0g40jy,235,https://www.speedrun.com/sm64/run/yo0g40jy,2024-06-18T04:51:18Z,3000,3000,8dw231lj,Snepy,Chile,N64,Yes
236,yol4111y,237,https://www.speedrun.com/sm64/run/yol4111y,2022-12-09T22:24:13Z,3002,3002,zx7gw1rx,Invisible_hole,United States,N64,Yes
237,zxv7lqgy,238,https://www.speedrun.com/sm64/run/zxv7lqgy,2017-10-22T00:56:37Z,3004,3004,y8dw9zgj,Alkobakknarko,Norway,N64,Yes
238,yw82q4ny,239,https://www.speedrun.com/sm64/run/yw82q4ny,2020-07-30T04:03:49Z,3005,3005,v81q6w3j,bebopbandit,United States,N64,Yes
239,zgond7dm,240,https://www.speedrun.com/sm64/run/zgond7dm,2024-07-13T09:31:12Z,3006,3006,8r7nmpqj,Leproxy,United States,N64,Yes
240,ylr0253y,241,https://www.speedrun.com/sm64/run/ylr0253y,2021-08-12T00:00:17Z,3008,3008,qjnel1dj,Zoro64,Germany,N64,Yes
241,yopn6j7m,241,https://www.speedrun.com/sm64/run/yopn6j7m,2022-06-13T22:30:41Z,3008,3008,zx7zw1r8,egaSyeliR,United States,N64,Yes
242,zpd0wgnz,241,https://www.speedrun.com/sm64/run/zpd0wgnz,2022-08-07T04:03:31Z,3008,3008,xz7q51nj,Bentengaming,United States,EMU,Yes
243,y2wqw4wy,241,https://www.speedrun.com/sm64/run/y2wqw4wy,2024-07-20T06:50:36Z,3008,3008,8g2zm0rj,meephs,,N64,Yes
244,z0d6ov9y,245,https://www.speedrun.com/sm64/run/z0d6ov9y,2024-03-21T20:38:01Z,3011,3011,8vo90m5x,Nicolascs83,Spain,N64,Yes
245,mrvp322z,245,https://www.speedrun.com/sm64/run/mrvp322z,2024-06-23T20:54:50Z,3011,3011,qxk6o7m8,Jojo,Netherlands,EMU,Yes
246,zg89j1jy,247,https://www.speedrun.com/sm64/run/zg89j1jy,2024-01-19T03:31:25Z,3013,3013,8qrrp27j,TedFeds,United States,EMU,Yes
247,mkpxv51y,247,https://www.speedrun.com/sm64/run/mkpxv51y,2024-06-15T01:33:09Z,3013,3013,j5q7wvwj,machochin,Mexico,N64,Yes
248,0zn98vyn,249,https://www.speedrun.com/sm64/run/0zn98vyn,,3019,3019,,,,N64,No
249,zneov3vz,249,https://www.speedrun.com/sm64/run/zneov3vz,2023-10-18T02:47:39Z,3019,3019,qxk241kx,Heyzeus,United States,N64,Yes
250,y6v55w6m,249,https://www.speedrun.com/sm64/run/y6v55w6m,2024-03-08T13:57:12Z,3019,3019,j519wqn8,Rodillo,Spain,VC,Yes
251,2yww1ny4,252,https://www.speedrun.com/sm64/run/2yww1ny4,,3020,3020,18vmme8l,pobo,United States,N64,Yes
252,zn1jk7vm,253,https://www.speedrun.com/sm64/run/zn1jk7vm,2021-06-03T21:04:26Z,3023,3023,kj90nrj4,Kyrette,United States,VC,No
253,yjd6wq3y,253,https://www.speedrun.com/sm64/run/yjd6wq3y,2022-08-18T09:26:29Z,3023,3023,zx762vj7,Luco,United States,VC,Yes
254,z0363k4z,255,https://www.speedrun.com/sm64/run/z0363k4z,2018-08-21T02:46:01Z,3024,3024,kjpmpe4j,Copitz,United States,N64,Yes
255,yvo70j6z,255,https://www.speedrun.com/sm64/run/yvo70j6z,2021-10-28T21:31:31Z,3024,3024,dx307r6x,NicV,United States,N64,Yes
256,y6ew4dqz,255,https://www.speedrun.com/sm64/run/y6ew4dqz,2024-11-05T16:06:02Z,3024,3024,jp6ed5k8,TNewm2215,United States,EMU,Yes
257,z0loe34z,258,https://www.speedrun.com/sm64/run/z0loe34z,2022-08-31T17:59:59Z,3025,3025,18vkpmej,Menstilo,Germany,EMU,Yes
258,yolkppjy,258,https://www.speedrun.com/sm64/run/yolkppjy,2022-12-27T17:55:11Z,3025,3025,x35m076j,Squeex,United States,N64,Yes
259,yvx2ej4z,258,https://www.speedrun.com/sm64/run/yvx2ej4z,2024-08-10T19:43:19Z,3025,3025,816nqwqx,Zaikenator,United States,N64,Yes
260,0y6j70m7,261,https://www.speedrun.com/sm64/run/0y6j70m7,2023-08-30T16:08:02Z,3026,3026,qjooplj6,5upamayne,Lebanon,EMU,No
261,ylk8jgkz,261,https://www.speedrun.com/sm64/run/ylk8jgkz,2020-08-27T17:52:59Z,3026,3026,kj9z6w84,Fuzzyness,England,N64,Yes
262,y9jx7vem,263,https://www.speedrun.com/sm64/run/y9jx7vem,2024-04-19T16:24:51Z,3027,3027,8e6qyddj,Salemba,Austria,N64,Yes
263,meeed08m,264,https://www.speedrun.com/sm64/run/meeed08m,2023-02-14T12:46:22Z,3028,3028,x72km4y8,julien_,Switzerland,N64,Yes
264,z52grr5z,265,https://www.speedrun.com/sm64/run/z52grr5z,2022-06-27T06:14:52Z,3029,3029,zx7gkrx7,alaris,United States,N64,Yes
265,yox30l5y,265,https://www.speedrun.com/sm64/run/yox30l5y,2024-08-04T04:27:09Z,3029,3029,xz27v1nx,NewmanBeatbox,United States,EMU,Yes
266,zp935rxm,267,https://www.speedrun.com/sm64/run/zp935rxm,2022-05-11T23:59:14Z,3030,3030,48goorxp,RetroRuns,England,N64,Yes
267,m3qn4n4y,267,https://www.speedrun.com/sm64/run/m3qn4n4y,2023-06-07T10:25:21Z,3030,3030,8gee7n7j,LxqZach,Germany,N64,Yes
268,zxq5od5m,267,https://www.speedrun.com/sm64/run/zxq5od5m,2024-06-07T22:52:09Z,3030,3030,xko6o278,Seceon,Chile,N64,Yes
269,zgwlowvy,270,https://www.speedrun.com/sm64/run/zgwlowvy,2020-07-13T14:05:13Z,3031,3031,dx394zkx,max25,England,N64,Yes
270,mrv3og7z,270,https://www.speedrun.com/sm64/run/mrv3og7z,2024-07-02T21:46:13Z,3031,3031,j9v2rgox,EcCuardo,Peru,EMU,Yes
271,8m75pewz,272,https://www.speedrun.com/sm64/run/8m75pewz,2015-06-29T23:40:35Z,3032,3032,v8l732jm,Jolteon92,England,VC,Yes
272,y2gj4kwz,273,https://www.speedrun.com/sm64/run/y2gj4kwz,2023-07-09T17:23:32Z,3033,3033,xkm3lk7j,Nonag,Germany,EMU,Yes
273,0y6r8rjy,274,https://www.speedrun.com/sm64/run/0y6r8rjy,2015-07-30T07:15:12Z,3034,3034,,,,N64,No
274,z1q6r9jy,274,https://www.speedrun.com/sm64/run/z1q6r9jy,2023-03-18T10:28:30Z,3034,3034,xk4rdzkj,Noteka,United States,N64,Yes
275,zgog70jm,276,https://www.speedrun.com/sm64/run/zgog70jm,2024-08-12T06:55:04Z,3035,3035,zxz67wn8,AJLane,United States,N64,Yes
276,6yjekomd,277,https://www.speedrun.com/sm64/run/6yjekomd,,3037,3037,,,,N64,Yes
277,y8e5le1y,277,https://www.speedrun.com/sm64/run/y8e5le1y,2021-11-28T18:04:31Z,3037,3037,j26d1ynx,nidamario,Japan,N64,Yes
278,y8pq7dnz,277,https://www.speedrun.com/sm64/run/y8pq7dnz,2024-07-16T05:06:14Z,3037,3037,zx725zr8,otakung8,United States,N64,Yes
279,z03d6p8z,280,https://www.speedrun.com/sm64/run/z03d6p8z,2019-01-11T11:25:42Z,3038,3038,1xy06qnj,Squirr3I,United States,EMU,Yes
280,m3n52ody,281,https://www.speedrun.com/sm64/run/m3n52ody,2021-01-28T23:51:52Z,3039,3039,pj06y3jw,Butterlord,Canada,N64,Yes
281,zxl8505z,281,https://www.speedrun.com/sm64/run/zxl8505z,2022-01-26T15:07:59Z,3039,3039,18qowewj,Majoog,South Korea,EMU,Yes
282,z191lpwm,281,https://www.speedrun.com/sm64/run/z191lpwm,2024-02-26T21:16:06Z,3039,3039,8g5772rj,Semaa,Bosnia and Herzegovina,EMU,Yes
283,ywj4203z,284,https://www.speedrun.com/sm64/run/ywj4203z,2021-12-21T05:51:36Z,3040,3040,v8lw044x,Gregobyte,Scotland,N64,Yes
284,yll0nd3y,284,https://www.speedrun.com/sm64/run/yll0nd3y,2023-09-27T21:31:45Z,3040,3040,y8d4po86,Toufool,United States,VC,Yes
285,mk00opvz,284,https://www.speedrun.com/sm64/run/mk00opvz,2023-07-13T18:25:09Z,3040,3040,1xyprdvx,packerzilla,United States,N64,Yes
286,z191o09m,284,https://www.speedrun.com/sm64/run/z191o09m,2024-02-25T01:40:10Z,3040,3040,86v9945j,Tit0MEX_64,Mexico,EMU,Yes
287,z0qq1v8m,284,https://www.speedrun.com/sm64/run/z0qq1v8m,2024-10-04T21:05:55Z,3040,3040,x3w377ej,AbUnderscored,Jordan,EMU,Yes
288,yjg9713y,289,https://www.speedrun.com/sm64/run/yjg9713y,2021-06-22T00:34:08Z,3041,3041,0jmvr1yj,Lusion,United States,EMU,Yes
289,y8kgkgxy,289,https://www.speedrun.com/sm64/run/y8kgkgxy,2024-01-12T07:36:55Z,3041,3041,pj0edem8,franchewbacca,United States,N64,Yes
290,zq3po21y,291,https://www.speedrun.com/sm64/run/zq3po21y,2019-03-01T12:45:27Z,3044,3044,qj2pngn8,Beuca,United States,N64,Yes
291,zq4v3j9m,291,https://www.speedrun.com/sm64/run/zq4v3j9m,2020-10-31T04:16:37Z,3044,3044,zx7d74vx,Tabbyztorm,Pakistan,EMU,Yes
292,megkde3y,293,https://www.speedrun.com/sm64/run/megkde3y,2024-07-15T21:00:23Z,3045,3045,xyovelwj,LiamPlayZelda,United States,VC,Yes
293,y8p2l3nz,294,https://www.speedrun.com/sm64/run/y8p2l3nz,2024-07-30T21:51:01Z,3048,3048,8r36epq8,Wolfovis,Germany,N64,Yes
294,y2weve9y,294,https://www.speedrun.com/sm64/run/y2weve9y,2024-09-03T17:06:29Z,3048,3048,8qrwg4dj,nicov2k,United States,EMU,Yes
295,zx6dpokz,296,https://www.speedrun.com/sm64/run/zx6dpokz,2021-02-01T01:09:00Z,3049,3049,8qzmp678,Jaybomb,United States,N64,Yes
296,ywv39knz,296,https://www.speedrun.com/sm64/run/ywv39knz,2023-02-03T12:46:00Z,3049,3049,8l3rw0v8,GHDEVIL666,Netherlands,EMU,Yes
297,zqjd8k1m,296,https://www.speedrun.com/sm64/run/zqjd8k1m,2023-07-18T01:31:24Z,3049,3049,8vkn1mnj,madware,Chile,N64,Yes
298,9melnr8z,299,https://www.speedrun.com/sm64/run/9melnr8z,2016-06-26T04:02:03Z,3051,3051,,,,EMU,Yes
299,mkqn5x5m,299,https://www.speedrun.com/sm64/run/mkqn5x5m,2024-01-28T01:14:50Z,3051,3051,jn3gwmqx,Roseatia,United Kingdom,EMU,Yes
300,y62dx21z,301,https://www.speedrun.com/sm64/run/y62dx21z,2023-06-10T23:10:44Z,3052,3052,zx73n50j,JDee,Canada,N64,Yes
301,y6xel66y,302,https://www.speedrun.com/sm64/run/y6xel66y,2022-10-06T07:32:58Z,3053,3053,qxk4q47j,Redd,United States,N64,Yes
302,mro53r7m,302,https://www.speedrun.com/sm64/run/mro53r7m,2023-03-27T23:33:28Z,3053,3053,j4232gmx,VonJim,Québec,N64,Yes
303,9mr00dmq,302,https://www.speedrun.com/sm64/run/9mr00dmq,,3053,3053,dx39wqxl,CpKaka,Sweden,VC,No
304,1zxjj5yx,305,https://www.speedrun.com/sm64/run/1zxjj5yx,,3054,3054,48gr9rpx,sicko,England,VC,Yes
305,zgn0qx0y,305,https://www.speedrun.com/sm64/run/zgn0qx0y,2018-04-09T17:32:33Z,3054,3054,kjppl92j,quiilucru,,N64,Yes
306,zxlk1p8z,305,https://www.speedrun.com/sm64/run/zxlk1p8z,2021-12-21T22:53:33Z,3054,3054,x7qw5l68,Fruitinater,United States,EMU,Yes
307,yvrxpr6z,305,https://www.speedrun.com/sm64/run/yvrxpr6z,2022-06-28T15:10:26Z,3054,3054,j0nmelr8,carrickdan,Ireland,N64,Yes
308,ywrn4d0m,305,https://www.speedrun.com/sm64/run/ywrn4d0m,2023-07-15T18:13:38Z,3054,3054,jn9qe22x,Famin,United States,EMU,Yes
309,mkpwgqly,305,https://www.speedrun.com/sm64/run/mkpwgqly,2024-06-01T06:19:43Z,3054,3054,8dw9onoj,JoeyBagODonuts,United States,EMU,Yes
310,z1qdkr7y,311,https://www.speedrun.com/sm64/run/z1qdkr7y,2022-11-29T03:03:34Z,3055,3055,j0324nmj,MrDasho,Ecuador,EMU,Yes
311,8y8gqxz1,312,https://www.speedrun.com/sm64/run/8y8gqxz1,,3056,3056,zx7dpyx7,Holahu,England,EMU,Yes
312,pydk7gqm,312,https://www.speedrun.com/sm64/run/pydk7gqm,2017-03-28T18:04:08Z,3056,3056,v8lz34xm,Shy,Finland,N64,Yes
313,zq0e0ery,312,https://www.speedrun.com/sm64/run/zq0e0ery,2022-01-29T10:37:19Z,3056,3056,8ge2ee2j,incha4416,,N64,Yes
314,y2pdl36z,312,https://www.speedrun.com/sm64/run/y2pdl36z,2022-05-07T16:58:59Z,3056,3056,98r5nd3x,3l3tric,United States,N64,Yes
315,yj2ndo7m,312,https://www.speedrun.com/sm64/run/yj2ndo7m,2023-09-02T16:35:31Z,3056,3056,jnprowq8,con_,Sweden,N64,No
316,zxwk74em,317,https://www.speedrun.com/sm64/run/zxwk74em,2023-09-27T01:11:25Z,3057,3057,qjoolrej,nobori56,Japan,N64,Yes
317,z0qwde8m,317,https://www.speedrun.com/sm64/run/z0qwde8m,2024-07-09T09:59:58Z,3057,3057,8rperewj,nahottv,Scotland,EMU,Yes
318,yvxq6xoz,317,https://www.speedrun.com/sm64/run/yvxq6xoz,2024-08-23T11:21:35Z,3057,3057,8v57kgvj,GrievousD2,Canada,N64,Yes
319,y25jnv6y,320,https://www.speedrun.com/sm64/run/y25jnv6y,2020-06-24T00:18:31Z,3059,3059,98r294wx,CapnSR,Canada,VC,Yes
320,m3j1w26z,320,https://www.speedrun.com/sm64/run/m3j1w26z,2024-07-25T07:15:19Z,3059,3059,jmzm5yyx,ClifforddTBRD,,EMU,Yes
321,mk0p27xz,322,https://www.speedrun.com/sm64/run/mk0p27xz,2023-07-20T09:38:23Z,3060,3060,8g54o1pj,tonaltux,United States,N64,Yes
322,y6e51g0z,322,https://www.speedrun.com/sm64/run/y6e51g0z,2024-07-31T09:37:25Z,3060,3060,863k2ww8,MeepJeep,Germany,N64,Yes
323,yd3dkd0z,324,https://www.speedrun.com/sm64/run/yd3dkd0z,2018-11-03T00:46:44Z,3061,3061,zx7qg1y8,Muimania,Germany,EMU,Yes
324,8y8o9xm1,325,https://www.speedrun.com/sm64/run/8y8o9xm1,,3064,3064,y8dg7l86,Noizeeh,Sweden,N64,Yes
325,z09wn7jz,325,https://www.speedrun.com/sm64/run/z09wn7jz,2020-09-08T04:24:03Z,3064,3064,qjoddd3x,Hakasay,United States,N64,Yes
326,m7n057ez,325,https://www.speedrun.com/sm64/run/m7n057ez,2024-05-02T20:38:29Z,3064,3064,j4q7oqwx,Freelatas,Spain,EMU,Yes
327,pm3ww4y0,328,https://www.speedrun.com/sm64/run/pm3ww4y0,,3065,3065,,,,VC,Yes
328,zxlx9eez,329,https://www.speedrun.com/sm64/run/zxlx9eez,2022-02-17T05:02:51Z,3068,3068,48gye018,Jalapiñecone,Canada,N64,Yes
329,y4l2v7dz,329,https://www.speedrun.com/sm64/run/y4l2v7dz,2024-08-10T20:37:36Z,3068,3068,jmor1yo8,hector,Mexico,N64,Yes
330,zx8ed6gm,331,https://www.speedrun.com/sm64/run/zx8ed6gm,2022-11-21T13:50:09Z,3069,3069,o86vrqpj,Joshua_iz_drunk,Ireland,EMU,No
331,pydogeqz,332,https://www.speedrun.com/sm64/run/pydogeqz,2016-12-24T22:09:28Z,3070,3070,,,,N64,Yes
332,zgnox4ey,332,https://www.speedrun.com/sm64/run/zgnox4ey,2018-01-28T10:14:12Z,3070,3070,kj95gwo8,arwyMilo,Canada,N64,No
333,yokd4x7z,332,https://www.speedrun.com/sm64/run/yokd4x7z,2020-06-12T10:06:51Z,3070,3070,jo3n1e3j,RegiFlame,Sweden,EMU,Yes
334,8m7ep9z0,335,https://www.speedrun.com/sm64/run/8m7ep9z0,2023-10-04T17:16:39Z,3071,3071,,,,N64,Yes
335,mr2oo0dy,335,https://www.speedrun.com/sm64/run/mr2oo0dy,2023-12-02T05:55:18Z,3071,3071,pj0322mj,Erthide,Québec,VC,Yes
336,z5k2e1jz,337,https://www.speedrun.com/sm64/run/z5k2e1jz,2023-11-18T03:42:54Z,3072,3072,y8dwq59j,zg53,United States,N64,Yes
337,m7339e5y,337,https://www.speedrun.com/sm64/run/m7339e5y,2023-12-14T23:06:28Z,3072,3072,v8lme4vj,Ce_Mec9,Québec,N64,Yes
338,z0qk29jm,339,https://www.speedrun.com/sm64/run/z0qk29jm,2024-10-29T09:58:58Z,3074,3074,jmomloe8,Kaug,Japan,VC,Yes
339,y6penr0m,340,https://www.speedrun.com/sm64/run/y6penr0m,2019-01-26T04:21:14Z,3075,3075,qjnp448m,Vorago,United Kingdom,EMU,Yes
340,yonx4g7z,340,https://www.speedrun.com/sm64/run/yonx4g7z,2023-07-24T21:58:28Z,3075,3075,8v55qvej,Lucinovic,Netherlands,N64,Yes
341,0znv328m,342,https://www.speedrun.com/sm64/run/0znv328m,2016-06-07T04:44:03Z,3076,3076,68w134xg,trevor107,Canada,N64,Yes
342,m31rgewz,342,https://www.speedrun.com/sm64/run/m31rgewz,2019-08-17T08:21:43Z,3076,3076,zx7vky6x,Hafus,United States,N64,Yes
343,yop854jm,342,https://www.speedrun.com/sm64/run/yop854jm,2022-07-17T04:43:31Z,3076,3076,8end5g78,SonicGordon6,United States,EMU,Yes
344,z5xng0gy,345,https://www.speedrun.com/sm64/run/z5xng0gy,2022-11-05T13:40:41Z,3077,3077,v819rrxp,Marco,France,N64,Yes
345,0zn9rvyn,346,https://www.speedrun.com/sm64/run/0zn9rvyn,,3078,3078,,,,N64,Yes
346,oy2n57yd,346,https://www.speedrun.com/sm64/run/oy2n57yd,,3078,3078,48gem41j,igreil,United States,N64,Yes
347,zx3j3v8z,346,https://www.speedrun.com/sm64/run/zx3j3v8z,2023-08-01T02:42:22Z,3078,3078,qxkqkmmx,xandrey64,Costa Rica,N64,Yes
348,1zxj4kyx,349,https://www.speedrun.com/sm64/run/1zxj4kyx,,3080,3080,,,,N64,Yes
349,9mr088mq,349,https://www.speedrun.com/sm64/run/9mr088mq,,3080,3080,qj26pqnx,NyZ,Japan,N64,No
350,mel94w3z,349,https://www.speedrun.com/sm64/run/mel94w3z,2023-06-04T03:24:39Z,3080,3080,jn37ppdx,cookincat,United States,EMU,Yes
351,kz5l1jyr,352,https://www.speedrun.com/sm64/run/kz5l1jyr,,3081,3081,v8lkw5lx,zalgo,Japan,N64,No
352,yv1ldp4y,352,https://www.speedrun.com/sm64/run/yv1ldp4y,2021-06-18T07:26:13Z,3081,3081,814p7wl8,Boxset,Canada,EMU,Yes
353,yw37jknm,352,https://www.speedrun.com/sm64/run/yw37jknm,2022-07-19T16:34:23Z,3081,3081,pj0vn53x,Apeduden,Norway,N64,Yes
354,zpdn7wxz,355,https://www.speedrun.com/sm64/run/zpdn7wxz,2022-08-01T00:56:05Z,3082,3082,qxkovr28,zach,United States,N64,Yes
355,ylo279ny,356,https://www.speedrun.com/sm64/run/ylo279ny,2021-03-26T22:31:57Z,3083,3083,98rv2rdj,Perna64,United States,N64,Yes
356,ywx3d9nm,356,https://www.speedrun.com/sm64/run/ywx3d9nm,2024-08-29T12:03:01Z,3083,3083,xz2z23ex,King_bay,Japan,N64,Yes
357,pm3wogy0,358,https://www.speedrun.com/sm64/run/pm3wogy0,,3084,3084,,,,N64,Yes
358,dy4j32yl,358,https://www.speedrun.com/sm64/run/dy4j32yl,,3084,3084,v8lez14x,TheDarkmanWs,Sweden,N64,Yes
359,mr79684z,358,https://www.speedrun.com/sm64/run/mr79684z,2022-05-03T22:18:09Z,3084,3084,xz79p1nj,tanepota,Japan,N64,Yes
360,znjj6x8m,358,https://www.speedrun.com/sm64/run/znjj6x8m,2023-02-14T13:31:20Z,3084,3084,jp4eq2kj,Borazio,Australia,N64,Yes
361,mr830qgy,362,https://www.speedrun.com/sm64/run/mr830qgy,2019-05-10T21:57:37Z,3085,3085,y8d4dk58,SomeBro,United States,EMU,Yes
362,z5jxw9jm,362,https://www.speedrun.com/sm64/run/z5jxw9jm,2020-06-17T05:24:07Z,3085,3085,zx7z5gq8,Rigby,Canada,N64,Yes
363,yl901lny,364,https://www.speedrun.com/sm64/run/yl901lny,2017-06-10T09:36:11Z,3086,3086,0jmp25oj,skuzzi,,N64,Yes
364,mekow20m,364,https://www.speedrun.com/sm64/run/mekow20m,2017-07-02T11:23:43Z,3086,3086,e8e6k12j,kumasyatyou,Japan,N64,Yes
365,zn753g8m,366,https://www.speedrun.com/sm64/run/zn753g8m,2022-03-06T03:19:03Z,3087,3087,86vmlw5j,Clanner_,Canada,VC,Yes
366,0znj977m,367,https://www.speedrun.com/sm64/run/0znj977m,2016-05-18T01:07:22Z,3088,3088,qjoyg3x6,Lluuccuuss,England,N64,Yes
367,zg7oxv0z,367,https://www.speedrun.com/sm64/run/zg7oxv0z,2019-01-24T05:32:01Z,3088,3088,kj9pq2ox,bromario28,United States,N64,Yes
368,zg8028jy,367,https://www.speedrun.com/sm64/run/zg8028jy,2024-01-28T19:54:36Z,3088,3088,v8159vlj,collins_vg,United States,N64,Yes
369,m33ek2qm,370,https://www.speedrun.com/sm64/run/m33ek2qm,2022-07-27T21:46:30Z,3089,3089,86vm37pj,sevenyoshi,United States,N64,Yes
370,y89reoxm,371,https://www.speedrun.com/sm64/run/y89reoxm,2018-08-09T21:36:25Z,3090,3090,v8145l8p,Squid,England,N64,Yes
371,yvx4o0xz,372,https://www.speedrun.com/sm64/run/yvx4o0xz,2024-07-07T19:46:35Z,3091,3091,8lpgwllj,Vadien,United States,N64,Yes
372,7z083om5,373,https://www.speedrun.com/sm64/run/7z083om5,,3092,3092,,,,N64,Yes
373,yoldxrjy,373,https://www.speedrun.com/sm64/run/yoldxrjy,2023-02-07T09:57:24Z,3092,3092,xk3zqp98,SIN11,France,EMU,Yes
374,7z0jqg8y,375,https://www.speedrun.com/sm64/run/7z0jqg8y,2016-06-24T12:12:59Z,3093,3093,18vo42xl,SimpleFlips,United States,N64,Yes
375,m76vg4ey,375,https://www.speedrun.com/sm64/run/m76vg4ey,2022-07-10T06:28:21Z,3093,3093,v8lk144x,Phanton,Argentina,EMU,Yes
376,zglkw1em,375,https://www.speedrun.com/sm64/run/zglkw1em,2024-03-02T06:38:41Z,3093,3093,xylw0wmj,Linkarf,Québec,N64,Yes
377,0y6gp0m7,378,https://www.speedrun.com/sm64/run/0y6gp0m7,,3094,3094,,,,N64,Yes
378,mrr88vgm,379,https://www.speedrun.com/sm64/run/mrr88vgm,2022-08-05T14:42:17Z,3095,3095,68wq1rv8,DeviousDD,United States,N64,Yes
379,mrvq6kgz,379,https://www.speedrun.com/sm64/run/mrvq6kgz,2024-02-20T03:24:46Z,3095,3095,o86z710x,zekeSSB,United States,N64,Yes
380,y8wokdny,379,https://www.speedrun.com/sm64/run/y8wokdny,2024-05-27T16:33:32Z,3095,3095,1xy9r4yj,Mapiz,Italy,EMU,Yes
381,m77w2w0m,382,https://www.speedrun.com/sm64/run/m77w2w0m,2021-09-06T22:14:50Z,3096,3096,x3mr5328,SynSity,,EMU,Yes
382,y8eop5wy,382,https://www.speedrun.com/sm64/run/y8eop5wy,2021-10-24T13:48:33Z,3096,3096,zxzn5q4x,RWBYSorry,England,EMU,Yes
383,zx79k2gy,382,https://www.speedrun.com/sm64/run/zx79k2gy,2022-04-03T13:39:14Z,3096,3096,7j420lwx,Progji,Germany,N64,Yes
384,zg737vdz,385,https://www.speedrun.com/sm64/run/zg737vdz,2018-05-23T20:04:22Z,3097,3097,zxz99g48,Toadscool,France,EMU,Yes
385,z0o91x9z,385,https://www.speedrun.com/sm64/run/z0o91x9z,2021-12-27T23:48:42Z,3097,3097,8l0oq578,fireblazethem,United States,EMU,Yes
386,8yvnj8mo,387,https://www.speedrun.com/sm64/run/8yvnj8mo,,3098,3098,,,,N64,Yes
387,zp113enz,387,https://www.speedrun.com/sm64/run/zp113enz,2021-05-11T11:36:53Z,3098,3098,qjned9qj,tami,Japan,N64,Yes
388,yln51qrz,387,https://www.speedrun.com/sm64/run/yln51qrz,2023-03-25T00:58:27Z,3098,3098,o86owz08,D3m0nf4ng,Germany,EMU,Yes
389,m7o5659y,387,https://www.speedrun.com/sm64/run/m7o5659y,2024-08-03T00:31:36Z,3098,3098,jnzd1m1j,RJ7k,United States,N64,Yes
390,0zn94vyn,391,https://www.speedrun.com/sm64/run/0zn94vyn,,3099,3099,o863r08z,Seanzy,United States,N64,Yes
391,z1re26gm,391,https://www.speedrun.com/sm64/run/z1re26gm,2021-07-16T04:29:53Z,3099,3099,68wg36qx,ded_lej,North Korea,N64,Yes
392,yojr20jm,393,https://www.speedrun.com/sm64/run/yojr20jm,2019-09-12T01:09:22Z,3101,3101,qj2eenjk,Darrow25,Québec,VC,Yes
393,y8x4oe1m,393,https://www.speedrun.com/sm64/run/y8x4oe1m,2022-11-12T08:32:26Z,3101,3101,jo35yn7j,Luisito,Mexico,VC,Yes
394,8m7eq9z0,395,https://www.speedrun.com/sm64/run/8m7eq9z0,,3103,3103,xz9k6ye8,Rorotto,Japan,N64,Yes
395,y8e4851y,395,https://www.speedrun.com/sm64/run/y8e4851y,2021-11-14T21:57:32Z,3103,3103,j2y0pkl8,TobiiSR,Austria,VC,Yes
396,y60xrdpy,395,https://www.speedrun.com/sm64/run/y60xrdpy,2022-06-03T01:45:31Z,3103,3103,8vkqwknj,GroundPoundGary,United States,EMU,Yes
397,y6x3xr6y,395,https://www.speedrun.com/sm64/run/y6x3xr6y,2022-07-30T12:37:01Z,3103,3103,8qz5qoq8,BizzareScape,Mexico,N64,Yes
398,ywkg2n0y,399,https://www.speedrun.com/sm64/run/ywkg2n0y,2021-10-12T15:56:43Z,3105,3105,zx7dz1vx,AlejoWasHere,Spain,EMU,Yes
399,yvl5pr6z,399,https://www.speedrun.com/sm64/run/yvl5pr6z,2024-06-09T04:01:10Z,3105,3105,x7qqopy8,Kudo,France,N64,Yes
400,zgp4xnjz,401,https://www.speedrun.com/sm64/run/zgp4xnjz,2022-07-26T20:26:56Z,3107,3107,qjopvonx,ClairDSS,United States,VC,Yes
401,zgoxl80m,401,https://www.speedrun.com/sm64/run/zgoxl80m,2024-08-09T16:46:02Z,3107,3107,8l0d1v78,inosaki,Japan,N64,Yes
402,zq39v28y,403,https://www.speedrun.com/sm64/run/zq39v28y,2018-11-09T14:13:26Z,3108,3108,7j4rnew8,Xalince,Germany,EMU,Yes
403,y8xpronm,403,https://www.speedrun.com/sm64/run/y8xpronm,2022-10-06T23:19:26Z,3108,3108,zxzeqn9x,joumeni,Spain,EMU,Yes
404,z0q1e98m,403,https://www.speedrun.com/sm64/run/z0q1e98m,2024-07-21T20:54:33Z,3108,3108,jm392d48,k8ehops,United States,N64,Yes
405,z5r13w5y,406,https://www.speedrun.com/sm64/run/z5r13w5y,2021-04-18T15:02:37Z,3109,3109,8wk5l448,killuminati,Norway,EMU,Yes
406,y6o1550y,406,https://www.speedrun.com/sm64/run/y6o1550y,2023-04-10T23:44:18Z,3109,3109,qj2ol5px,mrlink2k,United States,EMU,Yes
407,pzgj7jz2,408,https://www.speedrun.com/sm64/run/pzgj7jz2,,3110,3110,,,,N64,Yes
408,m75xlq5z,408,https://www.speedrun.com/sm64/run/m75xlq5z,2020-11-19T10:26:48Z,3110,3110,5j594e6x,peta,Japan,N64,Yes
409,z5o5ov5y,410,https://www.speedrun.com/sm64/run/z5o5ov5y,2017-03-31T08:25:48Z,3111,3111,y8dwdegj,hellool,United States,N64,Yes
410,y8e099dy,410,https://www.speedrun.com/sm64/run/y8e099dy,2021-09-21T10:45:05Z,3111,3111,qjn3551x,chillindude829,United States,N64,Yes
411,z0qn7qem,410,https://www.speedrun.com/sm64/run/z0qn7qem,2024-09-10T05:20:47Z,3111,3111,8647vrqj,radrick,United States,EMU,Yes
412,y90vd72y,413,https://www.speedrun.com/sm64/run/y90vd72y,2020-06-09T17:55:38Z,3112,3112,o86neqxz,game_complete,Uganda,N64,Yes
413,ydlqp4xz,413,https://www.speedrun.com/sm64/run/ydlqp4xz,2024-07-15T21:40:02Z,3112,3112,86nk3mpx,YogoC,United States,N64,Yes
414,oy2j2l6z,415,https://www.speedrun.com/sm64/run/oy2j2l6z,2016-05-15T18:20:36Z,3113,3113,18vyq58l,Haru様,Germany,N64,Yes
415,yd3g6lwz,415,https://www.speedrun.com/sm64/run/yd3g6lwz,2018-11-21T22:39:28Z,3113,3113,18q652oj,Poke,United States,EMU,Yes
416,y6vd3pjm,415,https://www.speedrun.com/sm64/run/y6vd3pjm,2024-03-25T07:46:15Z,3113,3113,j51r39z8,P_Luizon,Mexico,N64,Yes
417,yv67kpoz,418,https://www.speedrun.com/sm64/run/yv67kpoz,2020-08-03T06:47:57Z,3114,3114,kj9rewj4,Bird650,United States,N64,Yes
418,yd5gd3jm,419,https://www.speedrun.com/sm64/run/yd5gd3jm,2020-06-21T21:49:31Z,3115,3115,qjo3kk7j,Fuff,Canada,N64,Yes
419,y9jo2rem,419,https://www.speedrun.com/sm64/run/y9jo2rem,2024-02-13T02:34:30Z,3115,3115,8r7eqr6j,Itz_Me_Coreyyy,United States,N64,Yes
420,oy2n89yd,421,https://www.speedrun.com/sm64/run/oy2n89yd,,3116,3116,kjpor28q,Vulpone,Japan,VC,Yes
421,z13no07m,422,https://www.speedrun.com/sm64/run/z13no07m,2018-01-27T22:44:55Z,3117,3117,zx75q087,Vincertain,Québec,N64,Yes
422,zxd6o48y,422,https://www.speedrun.com/sm64/run/zxd6o48y,2020-10-20T11:06:21Z,3117,3117,98r1n2qj,Nanashi745,Japan,N64,Yes
423,y99nd92y,422,https://www.speedrun.com/sm64/run/y99nd92y,2021-05-08T17:11:02Z,3117,3117,xz9z40r8,zMatt_,Italy,EMU,Yes
424,me1pqd0y,422,https://www.speedrun.com/sm64/run/me1pqd0y,2022-10-31T08:37:47Z,3117,3117,e8ewrz78,ariapath,Australia,EMU,Yes
425,zx2o54km,426,https://www.speedrun.com/sm64/run/zx2o54km,2020-05-27T16:37:17Z,3118,3118,v81eydrj,Minelover,United States,EMU,Yes
426,z0q6k79m,426,https://www.speedrun.com/sm64/run/z0q6k79m,2024-08-10T15:54:51Z,3118,3118,xyovd1nj,Henoty,France,EMU,Yes
427,0y6gjpm7,428,https://www.speedrun.com/sm64/run/0y6gjpm7,,3120,3120,,,,VC,No
428,znp6969m,429,https://www.speedrun.com/sm64/run/znp6969m,2022-07-17T00:26:41Z,3121,3121,86vp263j,OdieB,Canada,N64,No
429,nz19gkrm,430,https://www.speedrun.com/sm64/run/nz19gkrm,2016-08-21T22:08:08Z,3123,3123,48g03yxp,wilzo,United Kingdom,N64,Yes
430,0zn9g3yn,431,https://www.speedrun.com/sm64/run/0zn9g3yn,,3124,3124,,,,VC,Yes
431,zgpl3nez,431,https://www.speedrun.com/sm64/run/zgpl3nez,2022-06-21T22:40:50Z,3124,3124,x7w7vor8,jokehow,United States,N64,Yes
432,y2530j9y,433,https://www.speedrun.com/sm64/run/y2530j9y,2020-04-03T19:43:54Z,3125,3125,dx3wpl2j,MrJimmysteel25,United States,N64,Yes
433,m7072vey,434,https://www.speedrun.com/sm64/run/m7072vey,2023-06-17T00:33:53Z,3126,3126,1xy1oozx,ringo792,United States,N64,Yes
434,y6qjx4qz,434,https://www.speedrun.com/sm64/run/y6qjx4qz,2024-01-11T14:56:42Z,3126,3126,8vkkkz5j,haruto701,Japan,N64,Yes
435,yjp792dy,436,https://www.speedrun.com/sm64/run/yjp792dy,2022-07-12T05:31:33Z,3128,3128,8g5kr62j,NaturallyAllen,United States,EMU,Yes
436,z5kr94dz,436,https://www.speedrun.com/sm64/run/z5kr94dz,2023-10-29T15:01:23Z,3128,3128,8v2p7gnj,hotdwgboy,United States,EMU,Yes
437,mk0vnq5z,438,https://www.speedrun.com/sm64/run/mk0vnq5z,2023-07-09T17:21:55Z,3129,3129,1xyqnov8,unpushplay,United States,N64,Yes
438,znj7w17m,439,https://www.speedrun.com/sm64/run/znj7w17m,2023-01-23T17:50:51Z,3130,3130,jn2zwo1j,Alessiow,Italy,EMU,No
439,yon7kddz,440,https://www.speedrun.com/sm64/run/yon7kddz,2023-06-09T06:59:58Z,3131,3131,j5v799w8,Naraknight,United States,N64,Yes
440,zgg3g1ez,441,https://www.speedrun.com/sm64/run/zgg3g1ez,2021-04-10T20:01:13Z,3132,3132,86nnyy0x,Valancic,England,VC,Yes
441,mr195l7z,441,https://www.speedrun.com/sm64/run/mr195l7z,2021-05-04T14:16:28Z,3132,3132,x7qgd2v8,Creo,Norway,EMU,Yes
442,zp3l448m,443,https://www.speedrun.com/sm64/run/zp3l448m,2021-01-30T05:11:29Z,3133,3133,qj26nnnx,Marteeny,Japan,N64,Yes
443,yv85r7xm,443,https://www.speedrun.com/sm64/run/yv85r7xm,2023-03-24T22:48:08Z,3133,3133,8g5egl1j,Rayydex,Germany,EMU,Yes
444,yjo3d73z,443,https://www.speedrun.com/sm64/run/yjo3d73z,2024-03-03T20:44:11Z,3133,3133,j0vkm73x,druz,United States,N64,Yes
445,zqqr545z,443,https://www.speedrun.com/sm64/run/zqqr545z,2024-07-25T16:21:52Z,3133,3133,8ge47mrj,bugofcake,England,N64,Yes
446,ydl5d1qz,443,https://www.speedrun.com/sm64/run/ydl5d1qz,2024-07-28T22:27:56Z,3133,3133,81qn9n5j,turtlehippo,Canada,N64,Yes
447,yv9vxpoz,448,https://www.speedrun.com/sm64/run/yv9vxpoz,2020-12-03T01:41:14Z,3134,3134,68welnq8,Ryou,,N64,Yes
448,y62g2g6z,448,https://www.speedrun.com/sm64/run/y62g2g6z,2023-08-01T06:28:49Z,3134,3134,qj2pr078,roddy,Brazil,EMU,Yes
449,pyd1djqy,450,https://www.speedrun.com/sm64/run/pyd1djqy,2016-03-28T06:06:13Z,3135,3135,y8dw0vgj,TylerSM74,Canada,N64,Yes
450,yd195kqy,450,https://www.speedrun.com/sm64/run/yd195kqy,2022-08-20T12:46:42Z,3135,3135,y8devyoj,Serenmew,United States,N64,Yes
451,z0npl1jm,452,https://www.speedrun.com/sm64/run/z0npl1jm,2023-01-31T22:17:53Z,3136,3136,8rpl1gwj,LargeBock,United States,N64,Yes
452,y67l566m,453,https://www.speedrun.com/sm64/run/y67l566m,2017-06-04T12:44:20Z,3137,3137,qjn9dwxm,360Chrism,Germany,VC,Yes
453,z0j00n4y,453,https://www.speedrun.com/sm64/run/z0j00n4y,2023-08-07T02:01:58Z,3137,3137,8l0q0k78,GeoGringo,United States,N64,Yes
454,y8x3w0xm,455,https://www.speedrun.com/sm64/run/y8x3w0xm,2022-07-30T23:20:22Z,3138,3138,98rpqkgj,Purple,Wales,N64,Yes
455,7z02lg9m,456,https://www.speedrun.com/sm64/run/7z02lg9m,2017-01-20T10:20:06Z,3139,3139,qjnzl02j,HeroicHero702,Australia,N64,Yes
456,zgn3ow0y,456,https://www.speedrun.com/sm64/run/zgn3ow0y,2017-04-13T20:10:01Z,3139,3139,18vomvxl,Dublin,United States,N64,Yes
457,mkp0l65y,456,https://www.speedrun.com/sm64/run/mkp0l65y,2024-05-01T18:06:09Z,3139,3139,j2y2wmn8,Keldon,United States,EMU,Yes
458,2ywld8pm,459,https://www.speedrun.com/sm64/run/2ywld8pm,2017-03-13T21:00:07Z,3140,3140,7j4qr2mx,marshmallow.,Japan,N64,Yes
459,y662ew0y,459,https://www.speedrun.com/sm64/run/y662ew0y,2021-03-01T18:58:26Z,3140,3140,8l00pll8,Gombill,United States,N64,Yes
460,z0qqp89m,461,https://www.speedrun.com/sm64/run/z0qqp89m,2024-10-06T12:51:21Z,3141,3141,y8dkzmgj,kmarket,Finland,EMU,Yes
461,0znodx8y,462,https://www.speedrun.com/sm64/run/0znodx8y,2015-09-21T00:10:42Z,3142,3142,o864qpjz,JazzyChoi1991,England,N64,Yes
462,zqgrw8rm,462,https://www.speedrun.com/sm64/run/zqgrw8rm,2021-01-23T21:20:25Z,3142,3142,dx35v6ej,MrMeanMoustache,Netherlands,N64,Yes
463,z0p4w5jy,462,https://www.speedrun.com/sm64/run/z0p4w5jy,2022-07-18T02:45:40Z,3142,3142,kjp2w3kx,Enderborn,United States,EMU,Yes
464,zpx3k1xm,465,https://www.speedrun.com/sm64/run/zpx3k1xm,2024-08-10T01:44:16Z,3143,3143,8g0yzd1x,kelsmont,,N64,Yes
465,zprv3qvm,466,https://www.speedrun.com/sm64/run/zprv3qvm,2020-08-12T00:27:07Z,3146,3146,1xyo90yj,Avijobat,Mexico,VC,Yes
466,y6e3rvjz,466,https://www.speedrun.com/sm64/run/y6e3rvjz,2024-07-07T00:53:50Z,3146,3146,1xy176zx,Lucidityy,United States,EMU,Yes
467,z1308jjm,468,https://www.speedrun.com/sm64/run/z1308jjm,2018-03-23T12:59:10Z,3147,3147,,,,N64,Yes
468,m72ox80z,468,https://www.speedrun.com/sm64/run/m72ox80z,2023-03-07T01:52:56Z,3147,3147,jo3qgp7j,Rallemz,Brazil,EMU,Yes
469,8yvn76mo,470,https://www.speedrun.com/sm64/run/8yvn76mo,2023-10-04T17:19:19Z,3149,3149,qjnkq02j,jiano,,VC,Yes
470,y8p9wq5z,470,https://www.speedrun.com/sm64/run/y8p9wq5z,2024-07-19T21:08:18Z,3149,3149,68wr5zjg,yellowelevator815,United States,N64,Yes
471,ydledlwz,470,https://www.speedrun.com/sm64/run/ydledlwz,2024-08-19T04:58:08Z,3149,3149,8qo05moj,Birdman20,United States,N64,Yes
472,zq7lg5xm,473,https://www.speedrun.com/sm64/run/zq7lg5xm,2022-07-23T00:54:42Z,3150,3150,zxzez44x,parkourchicken,United States,EMU,Yes
473,zq83og5z,474,https://www.speedrun.com/sm64/run/zq83og5z,2024-02-28T23:56:45Z,3152,3152,8lovr6v8,XebasBlox,Colombia,EMU,Yes
474,9mr0e8mq,475,https://www.speedrun.com/sm64/run/9mr0e8mq,,3153,3153,,,,N64,No
475,1zxjkkyx,476,https://www.speedrun.com/sm64/run/1zxjkkyx,,3155,3155,,,,N64,Yes
476,0y6gl0m7,476,https://www.speedrun.com/sm64/run/0y6gl0m7,,3155,3155,kj9rv7j4,Washeyy,Australia,N64,Yes
477,m708r1wy,476,https://www.speedrun.com/sm64/run/m708r1wy,2023-06-07T20:12:17Z,3155,3155,jo3w720j,JumboJolt,Antarctica,EMU,Yes
478,kz5l7jyr,479,https://www.speedrun.com/sm64/run/kz5l7jyr,,3156,3156,,,,N64,Yes
479,m77x3r9m,480,https://www.speedrun.com/sm64/run/m77x3r9m,2021-09-18T21:32:57Z,3157,3157,98rdrogj,Shinzuii,Finland,EMU,Yes
480,zq05xw9y,480,https://www.speedrun.com/sm64/run/zq05xw9y,2022-03-10T04:00:13Z,3157,3157,48gdmy8p,Broodlai,England,VC,Yes
481,mkvl3r1y,480,https://www.speedrun.com/sm64/run/mkvl3r1y,2022-11-27T04:07:39Z,3157,3157,qxkdk36j,Segtendo0905,United States,N64,Yes
482,y800wvnm,480,https://www.speedrun.com/sm64/run/y800wvnm,2023-02-12T23:08:46Z,3157,3157,863vldp8,_R_D_4_,Germany,EMU,Yes
483,y4657ddz,480,https://www.speedrun.com/sm64/run/y4657ddz,2024-02-20T02:08:40Z,3157,3157,x72zygq8,Avasion,United States,EMU,Yes
484,z0qwveom,480,https://www.speedrun.com/sm64/run/z0qwveom,2024-07-11T02:12:01Z,3157,3157,x76047vj,Phoenix64,United States,N64,No
485,y88p71wy,486,https://www.speedrun.com/sm64/run/y88p71wy,2022-06-30T06:02:14Z,3158,3158,86n47yqx,Timmybuoy,United States,N64,Yes
486,yl95e6ky,487,https://www.speedrun.com/sm64/run/yl95e6ky,2018-03-10T16:08:16Z,3159,3159,y8dr269x,crevasse,Japan,N64,Yes
487,z1pxjnwz,488,https://www.speedrun.com/sm64/run/z1pxjnwz,2022-05-19T01:13:04Z,3160,3160,8lpp01lj,Autarck,United States,EMU,Yes
488,yl7nlnrm,488,https://www.speedrun.com/sm64/run/yl7nlnrm,2022-06-10T01:56:10Z,3160,3160,8v55rmej,Seiozi,United States,N64,Yes
489,zxgv755y,490,https://www.speedrun.com/sm64/run/zxgv755y,2021-04-15T05:35:14Z,3161,3161,kjpo7l48,CharlieBrown,United States,N64,Yes
490,yjp8pr7y,490,https://www.speedrun.com/sm64/run/yjp8pr7y,2022-06-09T04:45:14Z,3161,3161,68wzrnv8,aussieadam,United States,EMU,Yes
491,m30ewgwm,490,https://www.speedrun.com/sm64/run/m30ewgwm,2024-07-03T23:39:01Z,3161,3161,xk3md7m8,The_H_Pandin,Spain,EMU,Yes
492,ylx42jxy,490,https://www.speedrun.com/sm64/run/ylx42jxy,2024-07-20T23:42:06Z,3161,3161,8167zk3x,agge40,Sweden,EMU,Yes
493,pm3w1gy0,494,https://www.speedrun.com/sm64/run/pm3w1gy0,,3162,3162,,,,N64,No
494,zp0lx28m,494,https://www.speedrun.com/sm64/run/zp0lx28m,2018-08-14T17:29:33Z,3162,3162,18v6knxl,kaffelon,United States,N64,Yes
495,z11pgp7z,494,https://www.speedrun.com/sm64/run/z11pgp7z,2018-10-25T07:32:32Z,3162,3162,zx72k4r8,Yoshi_Zilla,United States,VC,Yes
496,y8qd0j1y,497,https://www.speedrun.com/sm64/run/y8qd0j1y,2017-08-23T02:44:09Z,3163,3163,v8l04qv8,Smurfy,Canada,N64,Yes
497,zx3l73qz,497,https://www.speedrun.com/sm64/run/zx3l73qz,2023-06-22T01:06:26Z,3163,3163,8qz4y5o8,JamesBod,Canada,N64,Yes
498,z5x6dd5y,499,https://www.speedrun.com/sm64/run/z5x6dd5y,2022-10-27T04:28:08Z,3164,3164,xy54r2y8,benwms,United States,N64,Yes
499,zgl69njm,499,https://www.speedrun.com/sm64/run/zgl69njm,2024-06-04T05:05:01Z,3164,3164,joo3093j,ChiaraSM64,France,EMU,Yes
500,znxv2ply,499,https://www.speedrun.com/sm64/run/znxv2ply,2024-09-18T07:00:02Z,3164,3164,7j4rz5m8,TheBarinade,Australia,N64,Yes
